﻿Login,First name,Last name,Department,Date hired,Bio
pmatthews,Prince,Matthews,IT,2010-02-01,"Prince is a 27-year-old ""middle manager"" who enjoys planking, walking and chess."
nbentley,Nola,Bentley,HR,2012-04-05,"Nola is a 19-year-old teenager who enjoys ferret racing, 'social card games' and watching sport."
slopez,Shelby,Lopez,Sales,2011-07-12,"Shelby is a 26-year-old chef at chain restaurant who enjoys watching television, ""relaxing"" and writing."
rbernard,Ryland,Bernard,Sales,2015-10-08,Ryland is a 26-year-old health centre receptionist.
bdaniels,Ben,Daniels,Support,2013-10-23,"Ben is a 73-year-old former blogger who enjoys jigsaw puzzles, playing video games and 'attending museums'."
tward,Terrance,Ward,Admin,2018-06-14,"Terrance is a 53-year-old former resident artist at a studio who enjoys travelling, attending gallaries and learning new languages."
